{
  "greeting": "Hi",
  "name": "Shaheem",
  "greetingText": "I really like!",
  "wishText": "May the js.prototypes always be with you! ;)",
  "imagePath": "img/lydia2.png",
  "text1": "It's your birthday!!! :D",
  "textInChatBox": "Happy birthday to you!! Yeee! Many many happy blah...",
  "sendButtonLabel": "Send",
  "text2": "That's what I was going to do.",
  "text3": "But then I stopped.",
  "text4": "I realised, I wanted to do something",
  "text4Adjective": "special",
  "text5Entry": "Because,",
  "text5Content": "You are Special",
  "smiley": ":)",
  "bigTextPart1": "S",
  "bigTextPart2": "O",
  "wishHeading": "Happy Birthday!",
  "outroText": "Okay, now come back and tell me if you liked it.",
  "replayText": "Or click, if you want to watch it again.",
  "outroSmiley": ":)"
}
